/*
Navicat MySQL Data Transfer

Source Server         : localhost
Source Server Version : 50560
Source Host           : localhost:3306
Source Database       : xretailers

Target Server Type    : MYSQL
Target Server Version : 50560
File Encoding         : 65001

Date: 2020-03-28 13:27:05
*/

SET FOREIGN_KEY_CHECKS=0;

-- ----------------------------
-- Table structure for categorys
-- ----------------------------
DROP TABLE IF EXISTS `categorys`;
CREATE TABLE `categorys` (
  `id` int(10) unsigned NOT NULL AUTO_INCREMENT COMMENT '分类主键id',
  `name` varchar(30) DEFAULT NULL COMMENT '分类名称',
  PRIMARY KEY (`id`)
) ENGINE=InnoDB AUTO_INCREMENT=21 DEFAULT CHARSET=utf8;

-- ----------------------------
-- Records of categorys
-- ----------------------------
INSERT INTO `categorys` VALUES ('1', '智能手表');
INSERT INTO `categorys` VALUES ('2', '洗护用品');
INSERT INTO `categorys` VALUES ('3', '汽车用品');
INSERT INTO `categorys` VALUES ('4', '宠物用品');
INSERT INTO `categorys` VALUES ('5', '办公用品');
INSERT INTO `categorys` VALUES ('6', '商务服饰');
INSERT INTO `categorys` VALUES ('7', '奢华箱包');
INSERT INTO `categorys` VALUES ('8', '女士护肤');
INSERT INTO `categorys` VALUES ('9', '耳机音响');
INSERT INTO `categorys` VALUES ('10', '台式电脑');
INSERT INTO `categorys` VALUES ('11', '笔记本电脑');
INSERT INTO `categorys` VALUES ('12', 'IT书籍');
INSERT INTO `categorys` VALUES ('13', '智能手机');
INSERT INTO `categorys` VALUES ('20', '汽车用品1');

-- ----------------------------
-- Table structure for products
-- ----------------------------
DROP TABLE IF EXISTS `products`;
CREATE TABLE `products` (
  `id` int(10) unsigned NOT NULL AUTO_INCREMENT COMMENT '商品主键id',
  `status` int(11) DEFAULT '1' COMMENT '商品状态',
  `imgs` varchar(255) DEFAULT NULL COMMENT '商品图片',
  `name` varchar(60) DEFAULT NULL COMMENT '商品名字',
  `desc_ribe` varchar(255) DEFAULT NULL COMMENT '商品描述',
  `price` decimal(12,2) DEFAULT NULL COMMENT '商品价格',
  `categoryId` int(11) DEFAULT NULL COMMENT '分类id',
  `detail` text COMMENT '商品详细',
  PRIMARY KEY (`id`)
) ENGINE=InnoDB AUTO_INCREMENT=18 DEFAULT CHARSET=utf8;

-- ----------------------------
-- Records of products
-- ----------------------------
INSERT INTO `products` VALUES ('1', '1', '', 'Apple 2019新品 MacBook Pro 15.4Apple 2019新品 MacBook Pro 15.4', 'Apple 2019新品 MacBook Pro 15.4【带触控栏】九代八核i9 16G 512G 深空灰 笔记本电脑 轻薄本 MV912CH/A', '19458.00', '11', '<table cellpadding=\"0\" cellspacing=\"1\" width=\"100%\" border=\"0\" class=\"Ptable param_table\"><tbody><tr><td>商品编号</td><td>100005855486</td></tr></tbody><tbody><tr><th class=\"tdTitle\" colspan=\"2\">显示器</th></tr><tr><td class=\"tdTitle\">色域</td><td>其他</td></tr><tr><td class=\"tdTitle\">屏幕尺寸</td><td>其他</td></tr><tr><td class=\"tdTitle\">显示比例</td><td>宽屏16：10</td></tr><tr><td class=\"tdTitle\">物理分辨率</td><td>2880 x 1800</td></tr><tr><td class=\"tdTitle\">屏幕类型</td><td>LCD</td></tr><tr><th class=\"tdTitle\" colspan=\"2\">硬盘</th></tr><tr><td class=\"tdTitle\">硬盘容量</td><td>其他</td></tr><tr><td class=\"tdTitle\">固态硬盘</td><td>512GB SSD</td></tr><tr><th class=\"tdTitle\" colspan=\"2\">机器规格</th></tr><tr><td class=\"tdTitle\">净重</td><td>&lt;1.5kg</td></tr><tr><th class=\"tdTitle\" colspan=\"2\">其它设备</th></tr><tr><td class=\"tdTitle\">网络摄像头</td><td>其它</td></tr><tr><th class=\"tdTitle\" colspan=\"2\">音效系统</th></tr><tr><td class=\"tdTitle\">内置麦克风</td><td>内置麦克风</td></tr><tr><th class=\"tdTitle\" colspan=\"2\">显卡</th></tr><tr><td class=\"tdTitle\">类型</td><td>独立显卡</td></tr><tr><td class=\"tdTitle\">显示芯片</td><td>Radeon Pro 560X 图形处理器</td></tr><tr><th class=\"tdTitle\" colspan=\"2\">主体</th></tr><tr><td class=\"tdTitle\">系列</td><td>其他</td></tr><tr><td class=\"tdTitle\">型号</td><td>MV932CH/A</td></tr><tr><td class=\"tdTitle\">颜色<i class=\"inline_tip\" tips=\"备注颜色必须与页面介绍、产品说明书、外包装等一致\"></i></td><td>银色</td></tr><tr><td class=\"tdTitle\">平台</td><td>Intel</td></tr><tr><td class=\"tdTitle\">认证型号<i class=\"inline_tip\" tips=\"3C证书上的产品型号\"></i></td><td>A1990</td></tr><tr><th class=\"tdTitle\" colspan=\"2\">电源</th></tr><tr><td class=\"tdTitle\">电池</td><td>内置锂离子电池</td></tr><tr><td class=\"tdTitle\">续航时间</td><td>其它</td></tr><tr><td class=\"tdTitle\">电源适配器</td><td>其它</td></tr><tr><th class=\"tdTitle\" colspan=\"2\">通信</th></tr><tr><td class=\"tdTitle\">局域网</td><td>其它</td></tr><tr><td class=\"tdTitle\">无线局域网</td><td>有</td></tr><tr><th class=\"tdTitle\" colspan=\"2\">操作系统</th></tr><tr><td class=\"tdTitle\">操作系统</td><td>Mac OS</td></tr><tr><th class=\"tdTitle\" colspan=\"2\">内存</th></tr><tr><td class=\"tdTitle\">内存容量<i class=\"inline_tip\" tips=\"内存容量通常是指随机存储器（RAM）的容量，是内存条的关键性参数。一般而言，内存容量越大越有利于系统的运行。内存容量的上限一般由主板芯片组和内存插槽决定。\"></i></td><td>16GB</td></tr><tr><th class=\"tdTitle\" colspan=\"2\">处理器</th></tr><tr><td class=\"tdTitle\">CPU类型</td><td>第九代智能英特尔酷睿i9处理器</td></tr><tr><td class=\"tdTitle\">CPU速度</td><td>2.3GHz</td></tr><tr><td class=\"tdTitle\">核心</td><td>其它</td></tr><tr><th class=\"tdTitle\" colspan=\"2\">端口</th></tr><tr><td class=\"tdTitle\">音频端口</td><td>其它</td></tr><tr><td class=\"tdTitle\">雷雳3端口</td><td>4个</td></tr><tr><th class=\"tdTitle\" colspan=\"2\">输入设备</th></tr><tr><td class=\"tdTitle\">键盘</td><td>全尺寸键盘；背光键盘</td></tr><tr><td class=\"tdTitle\">触摸板</td><td>其它</td></tr></tbody></table>');
INSERT INTO `products` VALUES ('2', '2', '', '华为智能手表WATCH GT', '华为智能手表WATCH GT两周续航GPS睡眠/压力监测实时心率户外运动指导NFC支付2 运动款', '1088.00', '1', '<table cellpadding=\"0\" cellspacing=\"1\" width=\"100%\" border=\"0\" class=\"Ptable param_table\"><tbody><tr><td>商品编号</td><td>100008492922</td></tr></tbody><tbody><tr><th class=\"tdTitle\" colspan=\"2\">主体</th></tr><tr><td class=\"tdTitle\">品牌</td><td>华为</td></tr><tr><td class=\"tdTitle\">型号</td><td>HUAWEI WATCH GT 2 46mm</td></tr><tr><td class=\"tdTitle\">颜色</td><td>曜石黑</td></tr><tr><td class=\"tdTitle\">系统内存</td><td>32MB</td></tr><tr><td class=\"tdTitle\">机身内存</td><td>4GB</td></tr><tr><td class=\"tdTitle\">适用人群</td><td>男士；女士；老人</td></tr><tr><td class=\"tdTitle\">防水</td><td>50米及以上防水</td></tr><tr><th class=\"tdTitle\" colspan=\"2\">其他参数</th></tr><tr><td class=\"tdTitle\">电池容量</td><td>455mAh</td></tr><tr><td class=\"tdTitle\">产品尺寸</td><td>45.9×45.9×10.7mm  说明：10.7mm为最薄处高度（手表表面到底壳，不包括传感器区域）</td></tr><tr><td class=\"tdTitle\">产品重量</td><td>约41g（不含表带）   约56g（含表带）</td></tr><tr><th class=\"tdTitle\" colspan=\"2\">其他功能</th></tr><tr><td class=\"tdTitle\">GPS定位</td><td>GPS轨迹；GPS内置芯片</td></tr><tr><td class=\"tdTitle\">3G通话/4G通话</td><td>蓝牙通话功能</td></tr><tr><td class=\"tdTitle\">功能</td><td>NFC支付；消息提醒；心率监测；来电提醒；邮件提示</td></tr><tr><th class=\"tdTitle\" colspan=\"2\">连接方式</th></tr><tr><td class=\"tdTitle\">蓝牙</td><td>支持蓝牙</td></tr><tr><td class=\"tdTitle\">WIFI</td><td>不支持WIFI</td></tr><tr><th class=\"tdTitle\" colspan=\"2\">规格</th></tr><tr><td class=\"tdTitle\">机身尺寸</td><td>45.9×45.9×10.7mm  说明：10.7mm为最薄处高度（手表表面到底壳，不包括传感器区域）</td></tr><tr><td class=\"tdTitle\">机身重量</td><td>整机重量：约41g（不含表带）   约56g（含表带）</td></tr><tr><td class=\"tdTitle\">电芯类型</td><td>锂离子聚合物电池</td></tr><tr><th class=\"tdTitle\" colspan=\"2\">屏幕</th></tr><tr><td class=\"tdTitle\">屏幕大小</td><td>40mm以上</td></tr><tr><td class=\"tdTitle\">屏幕显示</td><td>彩色触屏</td></tr></tbody></table>');
INSERT INTO `products` VALUES ('3', '1', 'ca2762256ec6f931.jpg', '华为 HUAWEI P30 Pro', '华为 HUAWEI P30 Pro 超感光徕卡四摄10倍混合变焦麒麟980芯片屏内指纹 8GB+128GB天空之境全网通版双4G手机', '4489.00', '13', '<p>商品编号100002795959后置摄像头摄像头数量后置四摄后摄主摄光圈其他后摄的主摄像素4000万像素后摄主摄光学防抖支持光学防抖拍照特点数码变焦；光学变焦；自动对焦；美颜；微距；全景；滤镜；HDR；夜间拍摄；美肤录像功能备注同时支持华为Time-of-Flight（ToF）摄像头闪光灯LED灯后摄2摄像头的功能超广角后摄2摄像素2000万像素后摄2摄光圈f/2.2后摄2摄光学防抖不支持光学防抖后摄3摄像头的功能其他后摄3摄像素800万像素后摄3摄光学防抖支持光学防抖后摄4摄像头的功能ToF数据接口数据传输接口WIFI；NFC；蓝牙；WiFi热点NFC/NFC模式支持（点对点模式）；支持（读卡器模式）；支持卡模拟耳机接口类型Type-C充电接口类型Type-C数据线USB3.1主芯片CPU品牌海思（Hisilicon）CPU型号麒麟980基本信息机身颜色极光色机身长度（mm）158机身宽度（mm）73.4机身厚度（mm）8.41机身重量（g）192运营商标志或内容无输入方式触控机身材质分类金属边框；玻璃后盖机身材质工艺以官网信息为准屏幕主屏幕尺寸（英寸）6.47英寸屏幕比例其它屏幕比例分辨率FHD+ 2340*1080 像素（备注：该分辨率对应标准矩形，实际屏幕采用圆角和珍珠屏设计，有效像素略少。）屏幕材质类型OLED触摸屏类型电容屏屏幕像素密度（ppi）398 PPI屏幕色彩1670万色主体品牌华为（HUAWEI）上市年份2019年上市月份4月入网型号VOG-AL00产品名称P30 Pro电池信息电池容量（mAh）4200mAh（典型值）电池是否可拆卸电池不可拆卸充电器10V/4A无线充电支持无线充电网络支持最大支持SIM卡数量2个双卡机类型双卡双待SIM卡类型Nano SIM5G网络不支持5G4G网络4G TD-LTE(移动)；4G FDD-LTE(联通、电信)；4G FDD-LTE(联通)3G/2G网络3G TD-SCDMA(移动)；3G WCDMA(联通)；3G CDMA2000(电信)；2G GSM(移动/联通)副SIM卡4G网络4G TD-LTE(移动)；4G FDD-LTE(联通、电信)副SIM卡3G/2G网络3G WCDMA(联通)；2G GSM(移动/联通)；2G CDMA(电信)高清语音通话（VOLTE）移动VOLTE；联通VOLTE；电信VOLTE网络频率(4G)FDDB4；B5；B2；B1；B3；B6；B7；B8；B12；B17；B18；B19；B20；B26网络频率(4G)TDDB34；B38；B39；B40；B41网络频率（2G/3G）2G：GSM 850/900/1800/1900；3G：TD-SCDMA 1900/2000；3G：WCDMA 850/900/1900/2100操作系统操作系统Android(安卓)存储机身存储128GB运行内存8GB最大存储扩展容量256GB存储卡NM存储卡辅助功能常用功能录音；手势识别；超大字体；重力感应前置摄像头前摄的主摄像素3200万像素前摄主摄光圈f/2.0拍照特点美颜；全景；滤镜；美肤录像功能备注备注： 不同拍照模式的照片像素可能有差异，请以实际为准。 手机特性三防标准IP68生物识别人脸识别；屏幕光学指纹；正面指纹传感器高度测量；陀螺仪；距离感应；光线感应；红外遥控；GPS/A-GPS；北斗；霍尔感应器</p>\n');
INSERT INTO `products` VALUES ('4', '1', '62cf191f88e41447.jpg', '华为 荣耀20 PRO 李现同款', '荣耀20 PRO 李现同款 4800万全焦段AI四摄 双光学防抖 麒麟980 全网通4G 8GB+128GB 蓝水翡翠 拍照手机', '2489.00', '13', '<table cellpadding=\"0\" cellspacing=\"1\" width=\"100%\" border=\"0\" class=\"Ptable param_table\"><tbody><tr><td>商品编号</td><td>100003395441</td></tr></tbody><tbody><tr><th class=\"tdTitle\" colspan=\"2\">主体</th></tr><tr><td class=\"tdTitle\">品牌</td><td>华为（HUAWEI）</td></tr><tr><td class=\"tdTitle\">上市年份</td><td>2019年</td></tr><tr><td class=\"tdTitle\">上市月份</td><td>6月</td></tr><tr><td class=\"tdTitle\">入网型号<i class=\"inline_tip\" tips=\"工业代号或者入网型号\"></i></td><td>YAL-AL10</td></tr><tr><td class=\"tdTitle\">产品名称</td><td>荣耀20 PRO</td></tr><tr><th class=\"tdTitle\" colspan=\"2\">电池信息</th></tr><tr><td class=\"tdTitle\">电池容量（mAh）</td><td>4000mAh（典型值）</td></tr><tr><td class=\"tdTitle\">电池是否可拆卸<i class=\"inline_tip\" tips=\"不可拆卸电池手机更加节省内部空间，密封性更好，请勿在没有专业人士的帮助下自行拆卸。\"></i></td><td>电池不可拆卸</td></tr><tr><td class=\"tdTitle\">充电器</td><td>5V/4.5A</td></tr><tr><td class=\"tdTitle\">无线充电<i class=\"inline_tip\" tips=\"无线充电只是个功能，请注意支持无线充电的产品其包装是否带有无线充电的配件，如没有需要自行单配哦。\"></i></td><td>不支持无线充电</td></tr><tr><th class=\"tdTitle\" colspan=\"2\">后置摄像头</th></tr><tr><td class=\"tdTitle\">摄像头数量<i class=\"inline_tip\" tips=\"指的是后置摄像头的数量，不是所有摄像头的数量\"></i></td><td>后置四摄</td></tr><tr><td class=\"tdTitle\">后摄的主摄像素</td><td>4800万像素</td></tr><tr><td class=\"tdTitle\">后摄主摄光圈</td><td>f/1.4</td></tr><tr><td class=\"tdTitle\">后摄主摄光学防抖</td><td>支持光学防抖</td></tr><tr><td class=\"tdTitle\">功能备注</td><td>4800万像素（f/1.4光圈 AF OIS）+1600万像素（f/2.2光圈 FF）+800万像素（f/2.4光圈 AF OIS）+200万像素（f/2.4光圈 FF），支持自动对焦（激光对焦/相位对焦/反差对焦）。 备注：不同拍照模式的照片像素可能有差异，请以实际为准。</td></tr><tr><td class=\"tdTitle\">闪光灯</td><td>其他闪光灯</td></tr><tr><td class=\"tdTitle\">后摄2摄像头的功能</td><td>超广角</td></tr><tr><td class=\"tdTitle\">后摄2摄像素</td><td>1600万像素</td></tr><tr><td class=\"tdTitle\">后摄3摄像头的功能</td><td>长焦(tele)</td></tr><tr><td class=\"tdTitle\">后摄3摄像素</td><td>800万像素</td></tr><tr><td class=\"tdTitle\">后摄4摄像头的功能</td><td>微距</td></tr><tr><td class=\"tdTitle\">后摄4摄像素</td><td>200万像素</td></tr><tr><th class=\"tdTitle\" colspan=\"2\">数据接口</th></tr><tr><td class=\"tdTitle\">数据传输接口</td><td>蓝牙</td></tr><tr><td class=\"tdTitle\">NFC/NFC模式</td><td>支持（点对点模式）；支持（读卡器模式）；支持卡模拟</td></tr><tr><td class=\"tdTitle\">耳机接口类型</td><td>Type-C</td></tr><tr><td class=\"tdTitle\">充电接口类型</td><td>Type-C</td></tr><tr><td class=\"tdTitle\">数据线</td><td>USB2.0</td></tr><tr><td class=\"tdTitle\">其他接口特点</td><td>Type-C，USB 2.0 </td></tr><tr><th class=\"tdTitle\" colspan=\"2\">网络支持</th></tr><tr><td class=\"tdTitle\">最大支持SIM卡数量</td><td>2个</td></tr><tr><td class=\"tdTitle\">双卡机类型</td><td>双卡双待</td></tr><tr><td class=\"tdTitle\">SIM卡类型<i class=\"inline_tip\" tips=\"sim卡的规格，大卡、小卡或者nano卡。如果副卡有不同可在下方副卡规格中填写或显示\"></i></td><td>Nano SIM</td></tr><tr><td class=\"tdTitle\">5G网络</td><td>不支持5G</td></tr><tr><td class=\"tdTitle\">4G网络<i class=\"inline_tip\" tips=\"单卡手机或者主卡的4G网络在这里填写，副卡的网络在副sim卡4G网络中填写。\"></i></td><td>4G TD-LTE(移动)；4G FDD-LTE(联通、电信)</td></tr><tr><td class=\"tdTitle\">3G/2G网络</td><td>3G TD-SCDMA(移动)；3G WCDMA(联通)；3G CDMA2000(电信)；2G GSM(移动/联通)；2G CDMA(电信)</td></tr><tr><td class=\"tdTitle\">网络频率（2G/3G）</td><td>以官网信息为准</td></tr><tr><th class=\"tdTitle\" colspan=\"2\">主芯片</th></tr><tr><td class=\"tdTitle\">CPU品牌</td><td>海思（Hisilicon）</td></tr><tr><td class=\"tdTitle\">CPU型号</td><td>HUAWEI Kirin 980 </td></tr><tr><td class=\"tdTitle\">GPU型号<i class=\"inline_tip\" tips=\"GPU英文全称GraphicProcessingUnit，中文翻译为图形处理器。\"></i></td><td>Mali-G76 720MHz</td></tr><tr><th class=\"tdTitle\" colspan=\"2\">操作系统</th></tr><tr><td class=\"tdTitle\">操作系统</td><td>Android(安卓)</td></tr><tr><td class=\"tdTitle\">操作系统版本</td><td>Magic UI 2.1.0 </td></tr><tr><th class=\"tdTitle\" colspan=\"2\">存储</th></tr><tr><td class=\"tdTitle\">机身存储</td><td>128GB</td></tr><tr><td class=\"tdTitle\">运行内存</td><td>8GB</td></tr><tr><td class=\"tdTitle\">存储卡</td><td>不支持存储卡</td></tr><tr><th class=\"tdTitle\" colspan=\"2\">基本信息</th></tr><tr><td class=\"tdTitle\">机身颜色</td><td>幻夜星河</td></tr><tr><td class=\"tdTitle\">机身长度（mm）</td><td>154.60 mm（备注：受产品配置和制造工艺影响，实际机身尺寸或有差异，请以实物为准）</td></tr><tr><td class=\"tdTitle\">机身宽度（mm）</td><td>73.97mm（备注：受产品配置和制造工艺影响，实际机身尺寸或有差异，请以实物为准）</td></tr><tr><td class=\"tdTitle\">机身厚度（mm）</td><td>8.44mm（备注：受产品配置和制造工艺影响，实际机身尺寸或有差异，请以实物为准）</td></tr><tr><td class=\"tdTitle\">机身重量（g）</td><td>182g（备注：受产品配置和制造工艺影响，实际机身重量或有差异，请以实物为准）</td></tr><tr><td class=\"tdTitle\">运营商标志或内容<i class=\"inline_tip\" tips=\"定制机往往会有运营商的元素在手机的某些位置，该属性会介绍这些元素出现的位置。\"></i></td><td>其他</td></tr><tr><td class=\"tdTitle\">屏占比<i class=\"inline_tip\" tips=\"屏幕占手机正面面积的区域占比参数\"></i></td><td>其他</td></tr><tr><td class=\"tdTitle\">输入方式</td><td>触控</td></tr><tr><td class=\"tdTitle\">机身材质分类</td><td>其他</td></tr><tr><td class=\"tdTitle\">机身材质工艺</td><td>其他</td></tr><tr><th class=\"tdTitle\" colspan=\"2\">辅助功能</th></tr><tr><td class=\"tdTitle\">常用功能</td><td>计算器</td></tr><tr><th class=\"tdTitle\" colspan=\"2\">前置摄像头</th></tr><tr><td class=\"tdTitle\">前摄的主摄像素</td><td>3200万像素</td></tr><tr><td class=\"tdTitle\">前摄主摄光圈</td><td>f/2.0</td></tr><tr><th class=\"tdTitle\" colspan=\"2\">屏幕</th></tr><tr><td class=\"tdTitle\">主屏幕尺寸（英寸）</td><td>6.26英寸</td></tr><tr><td class=\"tdTitle\">分辨率</td><td>FHD+ 2340×1080像素</td></tr><tr><td class=\"tdTitle\">屏幕材质类型</td><td>TFT LCD（IPS）</td></tr><tr><td class=\"tdTitle\">屏幕像素密度（ppi）<i class=\"inline_tip\" tips=\"格式： 320PPI\"></i></td><td>412 PPI</td></tr></tbody></table>');
INSERT INTO `products` VALUES ('5', '1', 'd189e56d89d975b6.jpg', '华为 HUAWEI Mate 30', '华为 HUAWEI Mate 30 5G 麒麟990 4000万超感光徕卡影像双超级快充8GB+128GB亮黑色5G全网通游戏手机', '4499.00', '13', '<table cellpadding=\"0\" cellspacing=\"1\" width=\"100%\" border=\"0\" class=\"Ptable param_table\"><tbody><tr><td>商品编号</td><td>100008384346</td></tr></tbody><tbody><tr><th class=\"tdTitle\" colspan=\"2\">后置摄像头</th></tr><tr><td class=\"tdTitle\">摄像头数量<i class=\"inline_tip\" tips=\"指的是后置摄像头的数量，不是所有摄像头的数量\"></i></td><td>后置三摄</td></tr><tr><td class=\"tdTitle\">后摄主摄光圈</td><td>f/1.8</td></tr><tr><td class=\"tdTitle\">后摄的主摄像素</td><td>4000万像素</td></tr><tr><td class=\"tdTitle\">后摄主摄光学防抖</td><td>不支持光学防抖</td></tr><tr><td class=\"tdTitle\">拍照特点</td><td>连拍；微距；全景；滤镜；HDR；水印；超广角；人像模式</td></tr><tr><td class=\"tdTitle\">闪光灯</td><td>双LED灯</td></tr><tr><td class=\"tdTitle\">后摄2摄像头的功能</td><td>超广角</td></tr><tr><td class=\"tdTitle\">后摄2摄像素</td><td>1600万像素</td></tr><tr><td class=\"tdTitle\">后摄2摄光圈</td><td>f/2.2</td></tr><tr><td class=\"tdTitle\">后摄3摄像头的功能</td><td>长焦(tele)</td></tr><tr><td class=\"tdTitle\">后摄3摄像素</td><td>800万像素</td></tr><tr><td class=\"tdTitle\">后摄3摄光学防抖</td><td>支持光学防抖</td></tr><tr><td class=\"tdTitle\">后摄3摄光圈</td><td>f/2.4</td></tr><tr><th class=\"tdTitle\" colspan=\"2\">数据接口</th></tr><tr><td class=\"tdTitle\">数据传输接口</td><td>红外；WIFI；NFC；蓝牙；WiFi热点；OTG接口；WiFi Direct</td></tr><tr><td class=\"tdTitle\">NFC/NFC模式</td><td>支持（点对点模式）；支持（读卡器模式）；支持卡模拟</td></tr><tr><td class=\"tdTitle\">耳机接口类型</td><td>3.5mm</td></tr><tr><td class=\"tdTitle\">充电接口类型</td><td>Type-C</td></tr><tr><th class=\"tdTitle\" colspan=\"2\">主芯片</th></tr><tr><td class=\"tdTitle\">CPU品牌</td><td>以官网信息为准</td></tr><tr><td class=\"tdTitle\">CPU型号</td><td>麒麟990</td></tr><tr><td class=\"tdTitle\">GPU型号<i class=\"inline_tip\" tips=\"GPU英文全称GraphicProcessingUnit，中文翻译为图形处理器。\"></i></td><td>Mali-G76</td></tr><tr><th class=\"tdTitle\" colspan=\"2\">基本信息</th></tr><tr><td class=\"tdTitle\">机身颜色</td><td>亮黑色</td></tr><tr><td class=\"tdTitle\">机身长度（mm）</td><td>160.8</td></tr><tr><td class=\"tdTitle\">机身宽度（mm）</td><td>76.1</td></tr><tr><td class=\"tdTitle\">机身厚度（mm）</td><td>8.4</td></tr><tr><td class=\"tdTitle\">机身重量（g）</td><td>196克（含电池） 备注：实际重量依配置、制造工艺、测量方法的不同可能有所差异。</td></tr><tr><td class=\"tdTitle\">运营商标志或内容<i class=\"inline_tip\" tips=\"定制机往往会有运营商的元素在手机的某些位置，该属性会介绍这些元素出现的位置。\"></i></td><td>无</td></tr><tr><td class=\"tdTitle\">机身材质分类</td><td>金属边框；玻璃后盖</td></tr><tr><td class=\"tdTitle\">机身材质工艺</td><td>其他</td></tr><tr><th class=\"tdTitle\" colspan=\"2\">屏幕</th></tr><tr><td class=\"tdTitle\">主屏幕尺寸（英寸）</td><td>6.62英寸 备注：显示屏采用圆角设计，按照标准矩形测量时，屏幕的对角线长度是6.62英寸（实际可视区域略小）</td></tr><tr><td class=\"tdTitle\">分辨率</td><td>FHD+ 2340×1080 像素 （备注：该分辨率对应标准矩形，实际屏幕有效像素略少。）</td></tr><tr><td class=\"tdTitle\">屏幕材质类型</td><td>OLED</td></tr><tr><td class=\"tdTitle\">触摸屏类型</td><td>电容屏</td></tr><tr><td class=\"tdTitle\">屏幕色彩</td><td>1670万色</td></tr><tr><th class=\"tdTitle\" colspan=\"2\">电池信息</th></tr><tr><td class=\"tdTitle\">电池容量（mAh）</td><td>4200mAh（典型值） 备注：电池额定容量为4100mAh</td></tr><tr><td class=\"tdTitle\">电池是否可拆卸<i class=\"inline_tip\" tips=\"不可拆卸电池手机更加节省内部空间，密封性更好，请勿在没有专业人士的帮助下自行拆卸。\"></i></td><td>电池不可拆卸</td></tr><tr><td class=\"tdTitle\">充电器</td><td>5V/2A；9V/2A；10V/4A</td></tr><tr><td class=\"tdTitle\">无线充电<i class=\"inline_tip\" tips=\"无线充电只是个功能，请注意支持无线充电的产品其包装是否带有无线充电的配件，如没有需要自行单配哦。\"></i></td><td>20W以上；支持无线充电；支持反向无线充电</td></tr><tr><th class=\"tdTitle\" colspan=\"2\">主体</th></tr><tr><td class=\"tdTitle\">品牌</td><td>华为（HUAWEI）</td></tr><tr><td class=\"tdTitle\">上市年份</td><td>2019年</td></tr><tr><td class=\"tdTitle\">上市月份</td><td>9月</td></tr><tr><td class=\"tdTitle\">入网型号<i class=\"inline_tip\" tips=\"工业代号或者入网型号\"></i></td><td>TAS-AL00</td></tr><tr><td class=\"tdTitle\">产品名称</td><td>HUAWEI Mate 30</td></tr><tr><th class=\"tdTitle\" colspan=\"2\">网络支持</th></tr><tr><td class=\"tdTitle\">最大支持SIM卡数量</td><td>2个</td></tr><tr><td class=\"tdTitle\">双卡机类型</td><td>双卡双待</td></tr><tr><td class=\"tdTitle\">SIM卡类型<i class=\"inline_tip\" tips=\"sim卡的规格，大卡、小卡或者nano卡。如果副卡有不同可在下方副卡规格中填写或显示\"></i></td><td>Nano SIM</td></tr><tr><td class=\"tdTitle\">5G网络</td><td>不支持5G</td></tr><tr><td class=\"tdTitle\">4G网络<i class=\"inline_tip\" tips=\"单卡手机或者主卡的4G网络在这里填写，副卡的网络在副sim卡4G网络中填写。\"></i></td><td>4G TD-LTE(移动)；4G FDD-LTE(联通、电信)</td></tr><tr><td class=\"tdTitle\">3G/2G网络</td><td>3G TD-SCDMA(移动)；3G WCDMA(联通)；3G CDMA2000(电信)；2G GSM(移动/联通)；2G CDMA(电信)</td></tr><tr><td class=\"tdTitle\">副SIM卡4G网络<i class=\"inline_tip\" tips=\"副sim卡的4G网络，副sim卡如果和主卡不能同时使用电信卡也可以在这里选择。\"></i></td><td>4G TD-LTE(移动)；4G FDD-LTE(联通、电信)</td></tr><tr><td class=\"tdTitle\">副SIM卡3G/2G网络</td><td>3G WCDMA(联通)；3G CDMA2000(电信)；2G GSM(移动/联通)；2G CDMA(电信)</td></tr><tr><td class=\"tdTitle\">高清语音通话（VOLTE）</td><td>移动VOLTE；联通VOLTE；电信VOLTE</td></tr><tr><td class=\"tdTitle\">网络频率(4G)FDD</td><td>B4；B5；B2；B1；B3；B6；B7；B8；B12；B17；B18；B19；B20；B26</td></tr><tr><td class=\"tdTitle\">网络频率(4G)TDD</td><td>B34；B38；B39；B40；B41</td></tr><tr><td class=\"tdTitle\">网络频率（2G/3G）</td><td>以官网信息为准</td></tr><tr><th class=\"tdTitle\" colspan=\"2\">操作系统</th></tr><tr><td class=\"tdTitle\">操作系统</td><td>Android(安卓)</td></tr><tr><th class=\"tdTitle\" colspan=\"2\">存储</th></tr><tr><td class=\"tdTitle\">机身存储</td><td>128GB</td></tr><tr><td class=\"tdTitle\">运行内存</td><td>8GB</td></tr><tr><td class=\"tdTitle\">最大存储扩展容量</td><td>256GB</td></tr><tr><td class=\"tdTitle\">存储卡</td><td>NM存储卡</td></tr><tr><th class=\"tdTitle\" colspan=\"2\">辅助功能</th></tr><tr><td class=\"tdTitle\">常用功能</td><td>收音机；录音；手势识别；便签；语音转文字；语音识别；护眼模式；计算器；文字转语音；语音命令</td></tr><tr><th class=\"tdTitle\" colspan=\"2\">前置摄像头</th></tr><tr><td class=\"tdTitle\">前摄的主摄像素</td><td>2400万像素</td></tr><tr><td class=\"tdTitle\">前摄主摄光圈</td><td>f/2.0</td></tr><tr><td class=\"tdTitle\">拍照特点</td><td>全景；滤镜；水印；人像模式</td></tr><tr><th class=\"tdTitle\" colspan=\"2\">手机特性</th></tr><tr><td class=\"tdTitle\">三防标准</td><td>IP53</td></tr><tr><td class=\"tdTitle\">生物识别</td><td>人脸识别；屏幕光学指纹</td></tr></tbody></table>');
INSERT INTO `products` VALUES ('6', '1', '77878801ef409736.jpg', '华为(HUAWEI)MateBook X Pro 2019款', '第三方Linux版 13.9英寸全面屏轻薄笔记本电脑(i5 8+512GB 独显 3K) 灰', '8499.00', '11', '<table cellpadding=\"0\" cellspacing=\"1\" width=\"100%\" border=\"0\" class=\"Ptable param_table\"><tbody><tr><td>商品编号</td><td>100008490538</td></tr></tbody><tbody><tr><th class=\"tdTitle\" colspan=\"2\">显示器</th></tr><tr><td class=\"tdTitle\">色域</td><td>100%sRGB</td></tr><tr><td class=\"tdTitle\">屏幕尺寸</td><td>13.9英寸</td></tr><tr><td class=\"tdTitle\">显示比例</td><td>3：2</td></tr><tr><td class=\"tdTitle\">物理分辨率</td><td>3000x2000像素，260PPI（每英寸像素点）</td></tr><tr><td class=\"tdTitle\">刷新率</td><td>60HZ</td></tr><tr><td class=\"tdTitle\">屏幕类型</td><td>IPS</td></tr><tr><td class=\"tdTitle\">特征</td><td>3K触控屏，91%屏占比</td></tr><tr><th class=\"tdTitle\" colspan=\"2\">硬盘</th></tr><tr><td class=\"tdTitle\">硬盘容量</td><td>512GB SSD</td></tr><tr><td class=\"tdTitle\">固态硬盘</td><td>512GB NVMe PCIe高速固态硬盘</td></tr><tr><th class=\"tdTitle\" colspan=\"2\">机器规格</th></tr><tr><td class=\"tdTitle\">尺寸</td><td>304mm × 217mm × 14.6mm</td></tr><tr><td class=\"tdTitle\">净重</td><td>&lt;1.5kg</td></tr><tr><th class=\"tdTitle\" colspan=\"2\">其它设备</th></tr><tr><td class=\"tdTitle\">网络摄像头</td><td>有摄像头</td></tr><tr><td class=\"tdTitle\">摄像头像素</td><td>100万</td></tr><tr><th class=\"tdTitle\" colspan=\"2\">音效系统</th></tr><tr><td class=\"tdTitle\">内置麦克风</td><td>内置麦克风</td></tr><tr><th class=\"tdTitle\" colspan=\"2\">显卡</th></tr><tr><td class=\"tdTitle\">类型</td><td>独立显卡</td></tr><tr><td class=\"tdTitle\">显示芯片</td><td>NVIDIA GeForce MX250</td></tr><tr><td class=\"tdTitle\">显存容量</td><td>2GB</td></tr><tr><th class=\"tdTitle\" colspan=\"2\">主体</th></tr><tr><td class=\"tdTitle\">系列</td><td>HUAWEI MateBook X Pro</td></tr><tr><td class=\"tdTitle\">型号</td><td>HUAWEI MateBook X Pro 2019款</td></tr><tr><td class=\"tdTitle\">颜色<i class=\"inline_tip\" tips=\"备注颜色必须与页面介绍、产品说明书、外包装等一致\"></i></td><td>深空灰</td></tr><tr><td class=\"tdTitle\">平台</td><td>Intel</td></tr><tr><td class=\"tdTitle\">认证型号<i class=\"inline_tip\" tips=\"3C证书上的产品型号\"></i></td><td>MACHR-W19L</td></tr><tr><th class=\"tdTitle\" colspan=\"2\">电源</th></tr><tr><td class=\"tdTitle\">电池</td><td>内置锂离子电池</td></tr><tr><td class=\"tdTitle\">续航时间</td><td>其它</td></tr><tr><td class=\"tdTitle\">电源适配器</td><td>65W AC适配器</td></tr><tr><th class=\"tdTitle\" colspan=\"2\">通信</th></tr><tr><td class=\"tdTitle\">局域网</td><td>其它</td></tr><tr><td class=\"tdTitle\">无线局域网</td><td>有</td></tr><tr><th class=\"tdTitle\" colspan=\"2\">操作系统</th></tr><tr><td class=\"tdTitle\">操作系统</td><td>Linux</td></tr><tr><td class=\"tdTitle\">操作系统说明</td><td>第三方Linux</td></tr><tr><th class=\"tdTitle\" colspan=\"2\">内存</th></tr><tr><td class=\"tdTitle\">内存容量<i class=\"inline_tip\" tips=\"内存容量通常是指随机存储器（RAM）的容量，是内存条的关键性参数。一般而言，内存容量越大越有利于系统的运行。内存容量的上限一般由主板芯片组和内存插槽决定。\"></i></td><td>8GB</td></tr><tr><td class=\"tdTitle\">内存类型<i class=\"inline_tip\" tips=\"内存类型是指不同类型的内存传输类型各有差异，在传输率、工作频率、工作方式、工作电压等方面都有不同的各种类型内存。\"></i></td><td>LPDDR3</td></tr><tr><td class=\"tdTitle\">内存说明</td><td>8GB LPDDR3 2133MHz</td></tr><tr><th class=\"tdTitle\" colspan=\"2\">处理器</th></tr><tr><td class=\"tdTitle\">CPU型号</td><td>第八代智能英特尔酷睿i5 8265U处理器</td></tr><tr><td class=\"tdTitle\">CPU速度</td><td>基频1.6GHz，最高睿频3.9GHz</td></tr><tr><th class=\"tdTitle\" colspan=\"2\">端口</th></tr><tr><td class=\"tdTitle\">音频端口</td><td>耳机、麦克风二合一接口</td></tr><tr><td class=\"tdTitle\">USB3.0</td><td>1个</td></tr><tr><th class=\"tdTitle\" colspan=\"2\">输入设备</th></tr><tr><td class=\"tdTitle\">键盘</td><td>全尺寸键盘；背光键盘</td></tr><tr><td class=\"tdTitle\">触摸板</td><td>其它</td></tr></tbody></table>');
INSERT INTO `products` VALUES ('7', '1', '5bc090f3N0f583df1.jpg', '索尼（SONY）WH-1000XM3', '高解析度无线蓝牙降噪 头戴式耳机（触控面板 智能降噪 长久续航）黑色', '1999.00', '9', '<table cellpadding=\"0\" cellspacing=\"1\" width=\"100%\" border=\"0\" class=\"Ptable param_table\"><tbody><tr><td>商品编号</td><td>100000998932</td></tr></tbody><tbody><tr><th class=\"tdTitle\" colspan=\"2\">主体</th></tr><tr><td class=\"tdTitle\">品牌</td><td>索尼</td></tr><tr><td class=\"tdTitle\">型号</td><td>WH-1000XM3</td></tr><tr><td class=\"tdTitle\">颜色</td><td>金色</td></tr><tr><th class=\"tdTitle\" colspan=\"2\">耳机规格</th></tr><tr><td class=\"tdTitle\">接口类型</td><td>蓝牙</td></tr><tr><td class=\"tdTitle\">灵敏度</td><td>104 dB/mW（在本机开启的情况下通过耳机连接线连接时） 101 dB/mW（在本机关闭的情况下通过耳机连接线连接时）</td></tr><tr><td class=\"tdTitle\">音频接口</td><td>无</td></tr><tr><td class=\"tdTitle\">线控功能</td><td>有线控</td></tr><tr><td class=\"tdTitle\">驱动单元类型/直径</td><td>40mm</td></tr><tr><td class=\"tdTitle\">重量(kg)</td><td>约0.255kg</td></tr></tbody></table>');
INSERT INTO `products` VALUES ('9', '1', '402152095b071e2c.jpg', '路易威登LV女包SPEEDY', '老花单肩手提波士顿包 M41113 SPEEDY 25', '11500.00', '7', '<table cellpadding=\"0\" cellspacing=\"1\" width=\"100%\" border=\"0\" class=\"Ptable param_table\"><tbody><tr><td>商品编号</td><td>47050423034</td></tr></tbody><tbody><tr><th class=\"tdTitle\" colspan=\"2\">箱包</th></tr><tr><td class=\"tdTitle\">品牌</td><td>Louis Vuitton路易威登</td></tr><tr><td class=\"tdTitle\">产地</td><td>法国</td></tr><tr><td class=\"tdTitle\">适用人群</td><td>女士</td></tr><tr><td class=\"tdTitle\">材质</td><td>牛皮圆形手柄和饰边</td></tr><tr><td class=\"tdTitle\">分类</td><td>单肩包</td></tr></tbody></table>');
INSERT INTO `products` VALUES ('10', '1', '59ad08a2Na74e4d54.jpg', '图解HTTP', 'Web开发工程师参考书目 172张图详解HTTP协议 涉及web安全及新技术动向 HTTP经典指南 图解TCP/IP 图解网络硬件 图解机器学习 图解密码技术姊妹篇', '24.50', '12', '<table class=\"param_table\"><tbody><tr><td>商品编号</td><td>11449491</td></tr><tr><td>ISBN</td><td>9787115351531</td></tr><tr><td>作者</td><td>[日]上野·宣</td></tr><tr><td>译者</td><td>于均良</td></tr><tr><td>出版社</td><td>人民邮电出版社</td></tr><tr><td>开本</td><td>32开</td></tr><tr><td>包装(装帧)</td><td>平装</td></tr><tr><td>页数</td><td>250</td></tr><tr><td>版次</td><td>1</td></tr><tr><td>出版时间</td><td>2014-05-01</td></tr><tr><td>中国法分类号</td><td>TN915．04</td></tr><tr><td>用纸</td><td>胶版纸</td></tr></tbody></table>');
INSERT INTO `products` VALUES ('11', '1', '04138e92f84ba012.png', '小米CC9 Pro', '1亿像素 五摄四闪 10倍混合光学变焦 5260mAh 屏下指纹 冰雪极光 8GB+128GB 游戏智能拍照手机', '2799.00', '13', '<table cellpadding=\"0\" cellspacing=\"1\" width=\"100%\" border=\"0\" class=\"Ptable param_table\"><tbody><tr><td>商品编号</td><td>100005379131</td></tr></tbody><tbody><tr><th class=\"tdTitle\" colspan=\"2\">主体</th></tr><tr><td class=\"tdTitle\">品牌</td><td>小米（MI）</td></tr><tr><td class=\"tdTitle\">上市年份</td><td>2019年</td></tr><tr><td class=\"tdTitle\">上市月份</td><td>11月</td></tr><tr><td class=\"tdTitle\">入网型号<i class=\"inline_tip\" tips=\"工业代号或者入网型号\"></i></td><td>以官网信息为准</td></tr><tr><td class=\"tdTitle\">产品名称</td><td>小米CC9 Pro</td></tr><tr><th class=\"tdTitle\" colspan=\"2\">电池信息</th></tr><tr><td class=\"tdTitle\">电池容量（mAh）</td><td>5260mAh(typ) / 5170mAh(min)</td></tr><tr><td class=\"tdTitle\">电池是否可拆卸<i class=\"inline_tip\" tips=\"不可拆卸电池手机更加节省内部空间，密封性更好，请勿在没有专业人士的帮助下自行拆卸。\"></i></td><td>电池不可拆卸</td></tr><tr><td class=\"tdTitle\">充电器</td><td>其他</td></tr><tr><td class=\"tdTitle\">无线充电<i class=\"inline_tip\" tips=\"无线充电只是个功能，请注意支持无线充电的产品其包装是否带有无线充电的配件，如没有需要自行单配哦。\"></i></td><td>不支持无线充电</td></tr><tr><th class=\"tdTitle\" colspan=\"2\">数据接口</th></tr><tr><td class=\"tdTitle\">数据传输接口</td><td>红外；WIFI；蓝牙；WiFi热点</td></tr><tr><td class=\"tdTitle\">NFC/NFC模式</td><td>支持卡模拟</td></tr><tr><td class=\"tdTitle\">耳机接口类型</td><td>3.5mm</td></tr><tr><td class=\"tdTitle\">充电接口类型</td><td>Type-C</td></tr><tr><th class=\"tdTitle\" colspan=\"2\">后置摄像头</th></tr><tr><td class=\"tdTitle\">摄像头数量<i class=\"inline_tip\" tips=\"指的是后置摄像头的数量，不是所有摄像头的数量\"></i></td><td>后置五摄</td></tr><tr><td class=\"tdTitle\">后摄的主摄像素</td><td>10800万像素</td></tr><tr><td class=\"tdTitle\">后摄主摄光圈</td><td>f/1.69</td></tr><tr><td class=\"tdTitle\">闪光灯</td><td>双LED灯</td></tr><tr><td class=\"tdTitle\">后摄2摄像素</td><td>2000万像素</td></tr><tr><td class=\"tdTitle\">后摄2摄光圈</td><td>f/2.2</td></tr><tr><td class=\"tdTitle\">后摄3摄像头的功能</td><td>其他</td></tr><tr><td class=\"tdTitle\">后摄3摄像素</td><td>1200万像素</td></tr><tr><td class=\"tdTitle\">后摄3摄光圈</td><td>f/2.0</td></tr><tr><td class=\"tdTitle\">后摄4摄像头的功能</td><td>其他</td></tr><tr><td class=\"tdTitle\">后摄4摄像素</td><td>500万像素</td></tr><tr><th class=\"tdTitle\" colspan=\"2\">网络支持</th></tr><tr><td class=\"tdTitle\">最大支持SIM卡数量</td><td>2个</td></tr><tr><td class=\"tdTitle\">双卡机类型</td><td>双卡双待单通</td></tr><tr><td class=\"tdTitle\">SIM卡类型<i class=\"inline_tip\" tips=\"sim卡的规格，大卡、小卡或者nano卡。如果副卡有不同可在下方副卡规格中填写或显示\"></i></td><td>Nano SIM</td></tr><tr><td class=\"tdTitle\">5G网络</td><td>不支持5G</td></tr><tr><td class=\"tdTitle\">4G网络<i class=\"inline_tip\" tips=\"单卡手机或者主卡的4G网络在这里填写，副卡的网络在副sim卡4G网络中填写。\"></i></td><td>4G TD-LTE(移动)；4G FDD-LTE(联通、电信)；4G FDD-LTE(联通)</td></tr><tr><td class=\"tdTitle\">3G/2G网络</td><td>3G TD-SCDMA(移动)；3G WCDMA(联通)；2G GSM(移动/联通)</td></tr><tr><td class=\"tdTitle\">网络频率（2G/3G）</td><td>以官网信息为准</td></tr><tr><th class=\"tdTitle\" colspan=\"2\">主芯片</th></tr><tr><td class=\"tdTitle\">CPU品牌</td><td>高通(Qualcomm)</td></tr><tr><td class=\"tdTitle\">CPU型号</td><td>骁龙730G</td></tr><tr><td class=\"tdTitle\">GPU型号<i class=\"inline_tip\" tips=\"GPU英文全称GraphicProcessingUnit，中文翻译为图形处理器。\"></i></td><td>Adreno 618</td></tr><tr><th class=\"tdTitle\" colspan=\"2\">操作系统</th></tr><tr><td class=\"tdTitle\">操作系统</td><td>Android(安卓)</td></tr><tr><th class=\"tdTitle\" colspan=\"2\">存储</th></tr><tr><td class=\"tdTitle\">机身存储</td><td>128GB</td></tr><tr><td class=\"tdTitle\">运行内存</td><td>6GB</td></tr><tr><td class=\"tdTitle\">最大存储扩展容量</td><td>其他</td></tr><tr><td class=\"tdTitle\">存储卡</td><td>不支持存储卡</td></tr><tr><th class=\"tdTitle\" colspan=\"2\">基本信息</th></tr><tr><td class=\"tdTitle\">机身颜色</td><td>冰雪极光</td></tr><tr><td class=\"tdTitle\">机身长度（mm）</td><td>157.8mm</td></tr><tr><td class=\"tdTitle\">机身宽度（mm）</td><td>74.2mm</td></tr><tr><td class=\"tdTitle\">机身厚度（mm）</td><td>9.67mm</td></tr><tr><td class=\"tdTitle\">机身重量（g）</td><td>208g</td></tr><tr><td class=\"tdTitle\">运营商标志或内容<i class=\"inline_tip\" tips=\"定制机往往会有运营商的元素在手机的某些位置，该属性会介绍这些元素出现的位置。\"></i></td><td>无</td></tr><tr><td class=\"tdTitle\">屏占比<i class=\"inline_tip\" tips=\"屏幕占手机正面面积的区域占比参数\"></i></td><td>其他</td></tr><tr><td class=\"tdTitle\">输入方式</td><td>触控</td></tr><tr><td class=\"tdTitle\">机身材质分类</td><td>玻璃后盖</td></tr><tr><td class=\"tdTitle\">机身材质工艺</td><td>其他</td></tr><tr><th class=\"tdTitle\" colspan=\"2\">辅助功能</th></tr><tr><td class=\"tdTitle\">常用功能</td><td>录音；便签；计算器</td></tr><tr><th class=\"tdTitle\" colspan=\"2\">前置摄像头</th></tr><tr><td class=\"tdTitle\">前摄的主摄像素</td><td>3200万像素</td></tr><tr><td class=\"tdTitle\">前摄主摄光圈</td><td>f/2.0</td></tr><tr><th class=\"tdTitle\" colspan=\"2\">屏幕</th></tr><tr><td class=\"tdTitle\">主屏幕尺寸（英寸）</td><td>6.47英寸</td></tr><tr><td class=\"tdTitle\">屏幕比例</td><td>19.5:9</td></tr><tr><td class=\"tdTitle\">分辨率</td><td>2340X1080</td></tr><tr><td class=\"tdTitle\">屏幕材质类型</td><td>OLED</td></tr><tr><td class=\"tdTitle\">屏幕像素密度（ppi）<i class=\"inline_tip\" tips=\"格式： 320PPI\"></i></td><td>其他</td></tr></tbody></table>');
INSERT INTO `products` VALUES ('12', '1', 'ceuS1o5WMnibg.jpg', 'Apple iPhone 11', '(A2223) 128GB 黑色 移动联通电信4G手机 双卡双待', '5999.00', '13', '<table cellpadding=\"0\" cellspacing=\"1\" width=\"100%\" border=\"0\" class=\"Ptable param_table\"><tbody><tr><td>商品编号</td><td>100008348542</td></tr></tbody><tbody><tr><th class=\"tdTitle\" colspan=\"2\">主体</th></tr><tr><td class=\"tdTitle\">品牌</td><td>Apple</td></tr><tr><td class=\"tdTitle\">上市年份</td><td>2019年</td></tr><tr><td class=\"tdTitle\">上市月份</td><td>9月</td></tr><tr><td class=\"tdTitle\">入网型号<i class=\"inline_tip\" tips=\"工业代号或者入网型号\"></i></td><td>A2223</td></tr><tr><td class=\"tdTitle\">产品名称</td><td>iPhone 11</td></tr><tr><th class=\"tdTitle\" colspan=\"2\">电池信息</th></tr><tr><td class=\"tdTitle\">电池容量（mAh）</td><td>以官网信息为准</td></tr><tr><td class=\"tdTitle\">电池是否可拆卸<i class=\"inline_tip\" tips=\"不可拆卸电池手机更加节省内部空间，密封性更好，请勿在没有专业人士的帮助下自行拆卸。\"></i></td><td>电池不可拆卸</td></tr><tr><td class=\"tdTitle\">充电器</td><td>其他</td></tr><tr><td class=\"tdTitle\">无线充电<i class=\"inline_tip\" tips=\"无线充电只是个功能，请注意支持无线充电的产品其包装是否带有无线充电的配件，如没有需要自行单配哦。\"></i></td><td>支持无线充电</td></tr><tr><th class=\"tdTitle\" colspan=\"2\">数据接口</th></tr><tr><td class=\"tdTitle\">数据传输接口</td><td>其他</td></tr><tr><td class=\"tdTitle\">NFC/NFC模式</td><td>支持（读卡器模式）</td></tr><tr><td class=\"tdTitle\">耳机接口类型</td><td>Lightning</td></tr><tr><td class=\"tdTitle\">充电接口类型</td><td>Lightning（iPhone）</td></tr><tr><th class=\"tdTitle\" colspan=\"2\">后置摄像头</th></tr><tr><td class=\"tdTitle\">摄像头数量<i class=\"inline_tip\" tips=\"指的是后置摄像头的数量，不是所有摄像头的数量\"></i></td><td>后置双摄</td></tr><tr><td class=\"tdTitle\">后摄的主摄像素</td><td>1200万像素</td></tr><tr><td class=\"tdTitle\">后摄主摄光圈</td><td>f/2.4</td></tr><tr><td class=\"tdTitle\">闪光灯</td><td>其他闪光灯</td></tr><tr><th class=\"tdTitle\" colspan=\"2\">网络支持</th></tr><tr><td class=\"tdTitle\">最大支持SIM卡数量</td><td>2个</td></tr><tr><td class=\"tdTitle\">双卡机类型</td><td>双卡双待</td></tr><tr><td class=\"tdTitle\">SIM卡类型<i class=\"inline_tip\" tips=\"sim卡的规格，大卡、小卡或者nano卡。如果副卡有不同可在下方副卡规格中填写或显示\"></i></td><td>Nano SIM</td></tr><tr><td class=\"tdTitle\">5G网络</td><td>不支持5G</td></tr><tr><td class=\"tdTitle\">4G网络<i class=\"inline_tip\" tips=\"单卡手机或者主卡的4G网络在这里填写，副卡的网络在副sim卡4G网络中填写。\"></i></td><td>4G TD-LTE(移动)；4G FDD-LTE(联通、电信)；4G FDD-LTE(联通)</td></tr><tr><td class=\"tdTitle\">3G/2G网络</td><td>3G TD-SCDMA(移动)；3G WCDMA(联通)；3G CDMA2000(电信)；2G GSM(移动/联通)；2G CDMA(电信)</td></tr><tr><td class=\"tdTitle\">网络频率（2G/3G）</td><td>以官网信息为准</td></tr><tr><th class=\"tdTitle\" colspan=\"2\">主芯片</th></tr><tr><td class=\"tdTitle\">CPU品牌</td><td>以官网信息为准</td></tr><tr><td class=\"tdTitle\">CPU型号</td><td>A13仿生</td></tr><tr><th class=\"tdTitle\" colspan=\"2\">操作系统</th></tr><tr><td class=\"tdTitle\">操作系统</td><td>iOS(Apple)</td></tr><tr><th class=\"tdTitle\" colspan=\"2\">存储</th></tr><tr><td class=\"tdTitle\">机身存储</td><td>128GB</td></tr><tr><td class=\"tdTitle\">运行内存</td><td>其他</td></tr><tr><td class=\"tdTitle\">存储卡</td><td>不支持存储卡</td></tr><tr><th class=\"tdTitle\" colspan=\"2\">基本信息</th></tr><tr><td class=\"tdTitle\">机身颜色</td><td>黑色</td></tr><tr><td class=\"tdTitle\">机身长度（mm）</td><td>150.9</td></tr><tr><td class=\"tdTitle\">机身宽度（mm）</td><td>75.7</td></tr><tr><td class=\"tdTitle\">机身厚度（mm）</td><td>8.3</td></tr><tr><td class=\"tdTitle\">机身重量（g）</td><td>194</td></tr><tr><td class=\"tdTitle\">运营商标志或内容<i class=\"inline_tip\" tips=\"定制机往往会有运营商的元素在手机的某些位置，该属性会介绍这些元素出现的位置。\"></i></td><td>无</td></tr><tr><td class=\"tdTitle\">机身材质分类</td><td>玻璃后盖</td></tr><tr><td class=\"tdTitle\">机身材质工艺</td><td>以官网信息为准</td></tr><tr><th class=\"tdTitle\" colspan=\"2\">辅助功能</th></tr><tr><td class=\"tdTitle\">常用功能</td><td>重力感应；语音识别</td></tr><tr><th class=\"tdTitle\" colspan=\"2\">前置摄像头</th></tr><tr><td class=\"tdTitle\">前摄的主摄像素</td><td>1200万像素</td></tr><tr><td class=\"tdTitle\">前摄主摄光圈</td><td>f/2.2</td></tr><tr><th class=\"tdTitle\" colspan=\"2\">屏幕</th></tr><tr><td class=\"tdTitle\">主屏幕尺寸（英寸）</td><td>6.1英寸</td></tr><tr><td class=\"tdTitle\">分辨率</td><td>1792 x 828</td></tr><tr><td class=\"tdTitle\">屏幕材质类型</td><td>LCD</td></tr><tr><td class=\"tdTitle\">屏幕像素密度（ppi）<i class=\"inline_tip\" tips=\"格式： 320PPI\"></i></td><td>326</td></tr></tbody></table>');
INSERT INTO `products` VALUES ('15', '1', '1584070582506.jpg', '敷尔佳 透明质酸钠面膜', '玻尿酸补水保湿祛痘印收缩毛孔敏感肌肤术后修护 男女士套装 白膜 一盒装（5片装/盒）', '135.00', '8', '<ul>\n<li style=\"margin-left:1.5em;\"><span style=\"color: rgba(0,0,0,0.65);background-color: rgb(255,255,255);font-size: inherit;font-family: -apple-system, BlinkMacSystemFont, \"Segoe UI\", \"PingFang SC\", \"Hiragino Sans GB\", \"Microsoft YaHei\", \"Helvetica Neue\", Helvetica, Arial, sans-serif, \"Apple Color Emoji\", \"Segoe UI Emoji\", \"Segoe UI Symbol;\">商品编号  33161847504</span></li>\n<li style=\"text-align:left;\"><span style=\"color: rgba(0,0,0,0.65);background-color: rgb(255,255,255);font-size: inherit;font-family: -apple-system, BlinkMacSystemFont, \"Segoe UI\", \"PingFang SC\", \"Hiragino Sans GB\", \"Microsoft YaHei\", \"Helvetica Neue\", Helvetica, Arial, sans-serif, \"Apple Color Emoji\", \"Segoe UI Emoji\", \"Segoe UI Symbol;\">主体保质期（年）2</span></li>\n<li style=\"text-align:left;\"><span style=\"color: rgba(0,0,0,0.65);background-color: rgb(255,255,255);font-size: inherit;font-family: -apple-system, BlinkMacSystemFont, \"Segoe UI\", \"PingFang SC\", \"Hiragino Sans GB\", \"Microsoft YaHei\", \"Helvetica Neue\", Helvetica, Arial, sans-serif, \"Apple Color Emoji\", \"Segoe UI Emoji\", \"Segoe UI Symbol;\">产品产地 哈尔滨面膜</span></li>\n<li style=\"text-align:left;\"><span style=\"color: rgba(0,0,0,0.65);background-color: rgb(255,255,255);font-size: 14px;font-family: -apple-system, BlinkMacSystemFont, \"Segoe UI\", \"PingFang SC\", \"Hiragino Sans GB\", \"Microsoft YaHei\", \"Helvetica Neue\", Helvetica, Arial, sans-serif, \"Apple Color Emoji\", \"Segoe UI Emoji\", \"Segoe UI Symbol;\">片数 5</span></li>\n<li style=\"text-align:left;\"><span style=\"color: rgba(0,0,0,0.65);background-color: rgb(255,255,255);font-size: inherit;font-family: -apple-system, BlinkMacSystemFont, \"Segoe UI\", \"PingFang SC\", \"Hiragino Sans GB\", \"Microsoft YaHei\", \"Helvetica Neue\", Helvetica, Arial, sans-serif, \"Apple Color Emoji\", \"Segoe UI Emoji\", \"Segoe UI Symbol;\">功效祛痘；补水保湿；</span></li>\n<li style=\"text-align:left;\"><span style=\"color: rgba(0,0,0,0.65);background-color: rgb(255,255,255);font-size: inherit;font-family: -apple-system, BlinkMacSystemFont, \"Segoe UI\", \"PingFang SC\", \"Hiragino Sans GB\", \"Microsoft YaHei\", \"Helvetica Neue\", Helvetica, Arial, sans-serif, \"Apple Color Emoji\", \"Segoe UI Emoji\", \"Segoe UI Symbol;\">舒缓修复适合肤质任何肤质；</span></li>\n<li style=\"text-align:left;\"><span style=\"color: rgba(0,0,0,0.65);background-color: rgb(255,255,255);font-size: inherit;font-family: -apple-system, BlinkMacSystemFont, \"Segoe UI\", \"PingFang SC\", \"Hiragino Sans GB\", \"Microsoft YaHei\", \"Helvetica Neue\", Helvetica, Arial, sans-serif, \"Apple Color Emoji\", \"Segoe UI Emoji\", \"Segoe UI Symbol;\">敏感性类型贴片式</span></li>\n<li style=\"text-align:left;\"><span style=\"color: rgba(0,0,0,0.65);background-color: rgb(255,255,255);font-size: inherit;font-family: -apple-system, BlinkMacSystemFont, \"Segoe UI\", \"PingFang SC\", \"Hiragino Sans GB\", \"Microsoft YaHei\", \"Helvetica Neue\", Helvetica, Arial, sans-serif, \"Apple Color Emoji\", \"Segoe UI Emoji\", \"Segoe UI Symbol;\">产品包装有外盒；有密封；有防伪是否为特殊用途化妆品否</span>&nbsp;&nbsp;</li>\n</ul>\n');
INSERT INTO `products` VALUES ('16', '1', '62cf191f88e41447.jpg', '华为 荣耀20 PRO 李现同款', '荣耀20 PRO 李现同款 4800万全焦段AI四摄 双光学防抖 麒麟980 全网通4G 8GB+128GB 蓝水翡翠 拍照手机', '2489.00', '13', '<p><strong>商品编号100003395441主体品牌华为（HUAWEI）上市年份2019年上市月份6月入网型号YAL-AL10产品名称荣耀20 PRO电池信息电池容量（mAh）4000mAh（典型值）电池是否可拆卸电池不可拆卸充电器5V/4.5A无线充电不支持无线充电后置摄像头摄像头数量后置四摄后摄的主摄像素4800万像素后摄主摄光圈f/1.4后摄主摄光学防抖支持光学防抖功能备注4800万像素（f/1.4光圈 AF OIS）+1600万像素（f/2.2光圈 FF）+800万像素（f/2.4光圈 AF OIS）+200万像素（f/2.4光圈 FF），支持自动对焦（激光对焦/相位对焦/反差对焦）。 备注：不同拍照模式的照片像素可能有差异，请以实际为准。闪光灯其他闪光灯后摄2摄像头的功能超广角后摄2摄像素1600万像素后摄3摄像头的功能长焦(tele)后摄3摄像素800万像素后摄4摄像头的功能微距后摄4摄像素200万像素数据接口数据传输接口蓝牙NFC/NFC模式支持（点对点模式）；支持（读卡器模式）；支持卡模拟耳机接口类型Type-C充电接口类型Type-C数据线USB2.0其他接口特点Type-C，USB 2.0 网络支持最大支持SIM卡数量2个双卡机类型双卡双待SIM卡类型Nano SIM5G网络不支持5G4G网络4G TD-LTE(移动)；4G FDD-LTE(联通、电信)3G/2G网络3G TD-SCDMA(移动)；3G WCDMA(联通)；3G CDMA2000(电信)；2G GSM(移动/联通)；2G CDMA(电信)网络频率（2G/3G）以官网信息为准主芯片CPU品牌海思（Hisilicon）CPU型号HUAWEI Kirin 980 GPU型号Mali-G76 720MHz操作系统操作系统Android(安卓)操作系统版本Magic UI 2.1.0 存储机身存储128GB运行内存8GB存储卡不支持存储卡基本信息机身颜色幻夜星河机身长度（mm）154.60 mm（备注：受产品配置和制造工艺影响，实际机身尺寸或有差异，请以实物为准）机身宽度（mm）73.97mm（备注：受产品配置和制造工艺影响，实际机身尺寸或有差异，请以实物为准）机身厚度（mm）8.44mm（备注：受产品配置和制造工艺影响，实际机身尺寸或有差异，请以实物为准）机身重量（g）182g（备注：受产品配置和制造工艺影响，实际机身重量或有差异，请以实物为准）运营商标志或内容其他屏占比其他输入方式触控机身材质分类其他机身材质工艺其他辅助功能常用功能计算器前置摄像头前摄的主摄像素3200万像素前摄主摄光圈f/2.0屏幕主屏幕尺寸（英寸）6.26英寸分辨率FHD+ 2340×1080像素屏幕材质类型TFT LCD（IPS）屏幕像素密度（ppi）412 PPI</strong></p>\n');
INSERT INTO `products` VALUES ('17', '1', '', 'Apple 2019新品 MacBook Pro 15.4Apple 2019新品 MacBook Pro 15.4', 'Apple 2019新品 MacBook Pro 15.4【带触控栏】九代八核i9 16G 512G 深空灰 笔记本电脑 轻薄本 MV912CH/A', '19458.00', '11', '<p>商品编号100005855486显示器色域其他屏幕尺寸其他显示比例宽屏16：10物理分辨率2880 x 1800屏幕类型LCD硬盘硬盘容量其他固态硬盘512GB SSD机器规格净重&lt;1.5kg其它设备网络摄像头其它音效系统内置麦克风内置麦克风显卡类型独立显卡显示芯片Radeon Pro 560X 图形处理器主体系列其他型号MV932CH/A颜色银色平台Intel认证型号A1990电源电池内置锂离子电池续航时间其它电源适配器其它通信局域网其它无线局域网有操作系统操作系统Mac OS内存内存容量16GB处理器CPU类型第九代智能英特尔酷睿i9处理器CPU速度2.3GHz核心其它端口音频端口其它雷雳3端口4个输入设备键盘全尺寸键盘；背光键盘触摸板其它</p>\n');

-- ----------------------------
-- Table structure for roles
-- ----------------------------
DROP TABLE IF EXISTS `roles`;
CREATE TABLE `roles` (
  `id` int(10) unsigned NOT NULL AUTO_INCREMENT COMMENT '角色权限主键',
  `menus` varchar(255) DEFAULT NULL COMMENT '菜单权限',
  `name` varchar(30) DEFAULT NULL COMMENT '角色权限名称',
  `create_time` datetime DEFAULT NULL COMMENT '创建时间',
  `auth_time` datetime DEFAULT NULL COMMENT '授权时间',
  `auth_name` varchar(50) DEFAULT NULL COMMENT '授权用户',
  PRIMARY KEY (`id`)
) ENGINE=InnoDB AUTO_INCREMENT=8 DEFAULT CHARSET=utf8;

-- ----------------------------
-- Records of roles
-- ----------------------------
INSERT INTO `roles` VALUES ('4', 'home', '首页', '2020-03-19 22:05:40', '2020-03-19 22:05:44', 'admin');
INSERT INTO `roles` VALUES ('5', 'home,prod_about,category,product', '首页-商品', '2020-03-19 22:06:01', '2020-03-19 22:06:07', 'admin');
INSERT INTO `roles` VALUES ('6', 'home,user', '首页-用户管理', '2020-03-19 22:06:31', '2020-03-19 22:06:36', 'admin');
INSERT INTO `roles` VALUES ('7', 'home,charts,bar,line', '首页-图形图表', '2020-03-19 22:06:55', '2020-03-19 22:07:01', 'admin');

-- ----------------------------
-- Table structure for user
-- ----------------------------
DROP TABLE IF EXISTS `user`;
CREATE TABLE `user` (
  `id` int(10) unsigned NOT NULL AUTO_INCREMENT COMMENT '主键',
  `username` varchar(30) NOT NULL COMMENT '用户名',
  `password` varchar(50) NOT NULL COMMENT '密码',
  `create_time` datetime DEFAULT NULL COMMENT '创建时间',
  `phone` char(11) DEFAULT NULL COMMENT '手机',
  `email` varchar(50) DEFAULT NULL COMMENT '邮箱',
  `role_id` int(11) DEFAULT NULL COMMENT '权限id',
  PRIMARY KEY (`id`)
) ENGINE=InnoDB AUTO_INCREMENT=9 DEFAULT CHARSET=utf8;

-- ----------------------------
-- Records of user
-- ----------------------------
INSERT INTO `user` VALUES ('1', 'admin', 'c3284d0f94606de1fd2af172aba15bf3', '2020-03-01 18:40:22', null, null, null);
INSERT INTO `user` VALUES ('5', 'zhangsan', '14e1b600b1fd579f47433b88e8d85291', '2020-03-19 22:08:47', '13000000000', 'zhangsan@sian.com', '4');
INSERT INTO `user` VALUES ('6', 'lisi', '14e1b600b1fd579f47433b88e8d85291', '2020-03-19 22:09:34', '13000000001', 'lisi@sian.com', '5');
INSERT INTO `user` VALUES ('7', 'wangwu', '14e1b600b1fd579f47433b88e8d85291', '2020-03-19 22:10:14', '13000000002', 'lisi@sian.com', '6');
INSERT INTO `user` VALUES ('8', 'zhaoliu', '14e1b600b1fd579f47433b88e8d85291', '2020-03-19 22:10:34', '13000000002', 'zhaoliu@sian.com', '7');
